hcaplevel,supremacy,price_home,adjsup
0,0,1.72,0.26
0,0,1.73,0.25
0,0,1.74,0.24
0,0,1.75,0.23
0,0,1.76,0.22
0,0,1.77,0.21
0,0,1.78,0.2
0,0,1.79,0.19
0,0,1.8,0.18
0,0,1.81,0.17
0,0,1.82,0.16
0,0,1.83,0.15
0,0,1.84,0.15
0,0,1.85,0.14
0,0,1.86,0.13
0,0,1.87,0.12
0,0,1.88,0.11
0,0,1.89,0.1
0,0,1.9,0.09
0,0,1.91,0.08
0,0,1.92,0.07
0,0,1.93,0.06
0,0,1.94,0.05
0,0,1.95,0.04
0,0,1.96,0.03
0,0,1.97,0.03
0,0,1.98,0.02
0,0,1.99,0.01
0,0,2,0
0,0,2.01,-0.01
0,0,2.02,-0.02
0,0,2.03,-0.03
0,0,2.04,-0.03
0,0,2.05,-0.04
0,0,2.06,-0.05
0,0,2.07,-0.06
0,0,2.08,-0.06
0,0,2.09,-0.07
0,0,2.1,-0.08
0,0,2.11,-0.09
0,0,2.12,-0.1
0,0,2.13,-0.11
0,0,2.14,-0.11
0,0,2.15,-0.12
0,0,2.16,-0.13
0,0,2.17,-0.14
0,0,2.18,-0.14
0,0,2.19,-0.15
0,0,2.2,-0.15
0,0,2.21,-0.15
0,0,2.22,-0.16
0,0,2.23,-0.16
0,0,2.24,-0.17
0,0,2.25,-0.18
0,0,2.26,-0.18
0,0,2.27,-0.19
0,0,2.28,-0.2
0,0,2.29,-0.2
0,0,2.3,-0.21
0,0,2.31,-0.21
0,0,2.32,-0.22
0,0,2.33,-0.22
0,0,2.34,-0.23
0,0,2.35,-0.24
-0.25,0.25,1.72,0.58
-0.25,0.25,1.73,0.57
-0.25,0.25,1.74,0.56
-0.25,0.25,1.75,0.55
-0.25,0.25,1.76,0.54
-0.25,0.25,1.77,0.52
-0.25,0.25,1.78,0.51
-0.25,0.25,1.79,0.5
-0.25,0.25,1.8,0.48
-0.25,0.25,1.81,0.47
-0.25,0.25,1.82,0.46
-0.25,0.25,1.83,0.45
-0.25,0.25,1.84,0.44
-0.25,0.25,1.85,0.43
-0.25,0.25,1.86,0.42
-0.25,0.25,1.87,0.41
-0.25,0.25,1.88,0.4
-0.25,0.25,1.89,0.39
-0.25,0.25,1.9,0.38
-0.25,0.25,1.91,0.37
-0.25,0.25,1.92,0.36
-0.25,0.25,1.93,0.35
-0.25,0.25,1.94,0.34
-0.25,0.25,1.95,0.33
-0.25,0.25,1.96,0.32
-0.25,0.25,1.97,0.3
-0.25,0.25,1.98,0.29
-0.25,0.25,1.99,0.28
-0.25,0.25,2,0.27
-0.25,0.25,2.01,0.26
-0.25,0.25,2.02,0.25
-0.25,0.25,2.03,0.25
-0.25,0.25,2.04,0.24
-0.25,0.25,2.05,0.23
-0.25,0.25,2.06,0.22
-0.25,0.25,2.07,0.21
-0.25,0.25,2.08,0.2
-0.25,0.25,2.09,0.2
-0.25,0.25,2.1,0.19
-0.25,0.25,2.11,0.18
-0.25,0.25,2.12,0.17
-0.25,0.25,2.13,0.16
-0.25,0.25,2.14,0.15
-0.25,0.25,2.15,0.15
-0.25,0.25,2.16,0.15
-0.25,0.25,2.17,0.14
-0.25,0.25,2.18,0.13
-0.25,0.25,2.19,0.12
-0.25,0.25,2.2,0.11
-0.25,0.25,2.21,0.1
-0.25,0.25,2.22,0.1
-0.25,0.25,2.23,0.09
-0.25,0.25,2.24,0.08
-0.25,0.25,2.25,0.07
-0.25,0.25,2.26,0.07
-0.25,0.25,2.27,0.06
-0.25,0.25,2.28,0.05
-0.25,0.25,2.29,0.05
-0.25,0.25,2.3,0.04
-0.25,0.25,2.31,0.03
-0.25,0.25,2.32,0.02
-0.25,0.25,2.33,0.02
-0.25,0.25,2.34,0.01
-0.25,0.25,2.35,0
-0.5,0.5,1.72,0.88
-0.5,0.5,1.73,0.86
-0.5,0.5,1.74,0.85
-0.5,0.5,1.75,0.84
-0.5,0.5,1.76,0.83
-0.5,0.5,1.77,0.81
-0.5,0.5,1.78,0.8
-0.5,0.5,1.79,0.79
-0.5,0.5,1.8,0.77
-0.5,0.5,1.81,0.76
-0.5,0.5,1.82,0.75
-0.5,0.5,1.83,0.73
-0.5,0.5,1.84,0.72
-0.5,0.5,1.85,0.71
-0.5,0.5,1.86,0.7
-0.5,0.5,1.87,0.69
-0.5,0.5,1.88,0.67
-0.5,0.5,1.89,0.66
-0.5,0.5,1.9,0.65
-0.5,0.5,1.91,0.64
-0.5,0.5,1.92,0.63
-0.5,0.5,1.93,0.62
-0.5,0.5,1.94,0.61
-0.5,0.5,1.95,0.6
-0.5,0.5,1.96,0.59
-0.5,0.5,1.97,0.58
-0.5,0.5,1.98,0.56
-0.5,0.5,1.99,0.55
-0.5,0.5,2,0.54
-0.5,0.5,2.01,0.53
-0.5,0.5,2.02,0.52
-0.5,0.5,2.03,0.51
-0.5,0.5,2.04,0.5
-0.5,0.5,2.05,0.49
-0.5,0.5,2.06,0.48
-0.5,0.5,2.07,0.47
-0.5,0.5,2.08,0.46
-0.5,0.5,2.09,0.45
-0.5,0.5,2.1,0.45
-0.5,0.5,2.11,0.44
-0.5,0.5,2.12,0.43
-0.5,0.5,2.13,0.42
-0.5,0.5,2.14,0.41
-0.5,0.5,2.15,0.4
-0.5,0.5,2.16,0.4
-0.5,0.5,2.17,0.39
-0.5,0.5,2.18,0.38
-0.5,0.5,2.19,0.37
-0.5,0.5,2.2,0.36
-0.5,0.5,2.21,0.35
-0.5,0.5,2.22,0.34
-0.5,0.5,2.23,0.33
-0.5,0.5,2.24,0.32
-0.5,0.5,2.25,0.31
-0.5,0.5,2.26,0.3
-0.5,0.5,2.27,0.3
-0.5,0.5,2.28,0.29
-0.5,0.5,2.29,0.28
-0.5,0.5,2.3,0.27
-0.5,0.5,2.31,0.26
-0.5,0.5,2.32,0.25
-0.5,0.5,2.33,0.25
-0.5,0.5,2.34,0.24
-0.5,0.5,2.35,0.23
-0.75,0.75,1.72,1.11
-0.75,0.75,1.73,1.09
-0.75,0.75,1.74,1.08
-0.75,0.75,1.75,1.07
-0.75,0.75,1.76,1.06
-0.75,0.75,1.77,1.05
-0.75,0.75,1.78,1.04
-0.75,0.75,1.79,1.02
-0.75,0.75,1.8,1.01
-0.75,0.75,1.81,1
-0.75,0.75,1.82,0.99
-0.75,0.75,1.83,0.98
-0.75,0.75,1.84,0.97
-0.75,0.75,1.85,0.95
-0.75,0.75,1.86,0.94
-0.75,0.75,1.87,0.93
-0.75,0.75,1.88,0.92
-0.75,0.75,1.89,0.91
-0.75,0.75,1.9,0.9
-0.75,0.75,1.91,0.89
-0.75,0.75,1.92,0.88
-0.75,0.75,1.93,0.87
-0.75,0.75,1.94,0.86
-0.75,0.75,1.95,0.85
-0.75,0.75,1.96,0.84
-0.75,0.75,1.97,0.83
-0.75,0.75,1.98,0.82
-0.75,0.75,1.99,0.8
-0.75,0.75,2,0.79
-0.75,0.75,2.01,0.78
-0.75,0.75,2.02,0.77
-0.75,0.75,2.03,0.77
-0.75,0.75,2.04,0.76
-0.75,0.75,2.05,0.75
-0.75,0.75,2.06,0.74
-0.75,0.75,2.07,0.73
-0.75,0.75,2.08,0.72
-0.75,0.75,2.09,0.71
-0.75,0.75,2.1,0.7
-0.75,0.75,2.11,0.7
-0.75,0.75,2.12,0.69
-0.75,0.75,2.13,0.68
-0.75,0.75,2.14,0.67
-0.75,0.75,2.15,0.66
-0.75,0.75,2.16,0.65
-0.75,0.75,2.17,0.65
-0.75,0.75,2.18,0.64
-0.75,0.75,2.19,0.63
-0.75,0.75,2.2,0.62
-0.75,0.75,2.21,0.61
-0.75,0.75,2.22,0.6
-0.75,0.75,2.23,0.6
-0.75,0.75,2.24,0.59
-0.75,0.75,2.25,0.58
-0.75,0.75,2.26,0.58
-0.75,0.75,2.27,0.57
-0.75,0.75,2.28,0.56
-0.75,0.75,2.29,0.55
-0.75,0.75,2.3,0.55
-0.75,0.75,2.31,0.54
-0.75,0.75,2.32,0.53
-0.75,0.75,2.33,0.52
-0.75,0.75,2.34,0.51
-0.75,0.75,2.35,0.51
-1,1,1.72,1.34
-1,1,1.73,1.33
-1,1,1.74,1.32
-1,1,1.75,1.31
-1,1,1.76,1.3
-1,1,1.77,1.28
-1,1,1.78,1.27
-1,1,1.79,1.26
-1,1,1.8,1.25
-1,1,1.81,1.24
-1,1,1.82,1.23
-1,1,1.83,1.22
-1,1,1.84,1.21
-1,1,1.85,1.2
-1,1,1.86,1.19
-1,1,1.87,1.18
-1,1,1.88,1.17
-1,1,1.89,1.16
-1,1,1.9,1.15
-1,1,1.91,1.14
-1,1,1.92,1.13
-1,1,1.93,1.12
-1,1,1.94,1.12
-1,1,1.95,1.11
-1,1,1.96,1.1
-1,1,1.97,1.09
-1,1,1.98,1.08
-1,1,1.99,1.07
-1,1,2,1.06
-1,1,2.01,1.05
-1,1,2.02,1.05
-1,1,2.03,1.04
-1,1,2.04,1.03
-1,1,2.05,1.02
-1,1,2.06,1.01
-1,1,2.07,1
-1,1,2.08,1
-1,1,2.09,0.99
-1,1,2.1,0.98
-1,1,2.11,0.97
-1,1,2.12,0.96
-1,1,2.13,0.96
-1,1,2.14,0.95
-1,1,2.15,0.94
-1,1,2.16,0.93
-1,1,2.17,0.93
-1,1,2.18,0.92
-1,1,2.19,0.91
-1,1,2.2,0.9
-1,1,2.21,0.89
-1,1,2.22,0.89
-1,1,2.23,0.88
-1,1,2.24,0.87
-1,1,2.25,0.87
-1,1,2.26,0.86
-1,1,2.27,0.85
-1,1,2.28,0.85
-1,1,2.29,0.84
-1,1,2.3,0.83
-1,1,2.31,0.83
-1,1,2.32,0.82
-1,1,2.33,0.81
-1,1,2.34,0.8
-1,1,2.35,0.8
-1.25,1.25,1.72,1.66
-1.25,1.25,1.73,1.65
-1.25,1.25,1.74,1.64
-1.25,1.25,1.75,1.63
-1.25,1.25,1.76,1.61
-1.25,1.25,1.77,1.59
-1.25,1.25,1.78,1.58
-1.25,1.25,1.79,1.57
-1.25,1.25,1.8,1.56
-1.25,1.25,1.81,1.55
-1.25,1.25,1.82,1.54
-1.25,1.25,1.83,1.53
-1.25,1.25,1.84,1.52
-1.25,1.25,1.85,1.5
-1.25,1.25,1.86,1.49
-1.25,1.25,1.87,1.48
-1.25,1.25,1.88,1.46
-1.25,1.25,1.89,1.45
-1.25,1.25,1.9,1.44
-1.25,1.25,1.91,1.43
-1.25,1.25,1.92,1.42
-1.25,1.25,1.93,1.41
-1.25,1.25,1.94,1.4
-1.25,1.25,1.95,1.39
-1.25,1.25,1.96,1.38
-1.25,1.25,1.97,1.36
-1.25,1.25,1.98,1.35
-1.25,1.25,1.99,1.34
-1.25,1.25,2,1.33
-1.25,1.25,2.01,1.32
-1.25,1.25,2.02,1.31
-1.25,1.25,2.03,1.3
-1.25,1.25,2.04,1.29
-1.25,1.25,2.05,1.28
-1.25,1.25,2.06,1.27
-1.25,1.25,2.07,1.26
-1.25,1.25,2.08,1.25
-1.25,1.25,2.09,1.24
-1.25,1.25,2.1,1.23
-1.25,1.25,2.11,1.22
-1.25,1.25,2.12,1.21
-1.25,1.25,2.13,1.21
-1.25,1.25,2.14,1.2
-1.25,1.25,2.15,1.19
-1.25,1.25,2.16,1.18
-1.25,1.25,2.17,1.17
-1.25,1.25,2.18,1.16
-1.25,1.25,2.19,1.15
-1.25,1.25,2.2,1.5
-1.25,1.25,2.21,1.14
-1.25,1.25,2.22,1.13
-1.25,1.25,2.23,1.12
-1.25,1.25,2.24,1.12
-1.25,1.25,2.25,1.11
-1.25,1.25,2.26,1.1
-1.25,1.25,2.27,1.09
-1.25,1.25,2.28,1.08
-1.25,1.25,2.29,1.07
-1.25,1.25,2.3,1.06
-1.25,1.25,2.31,1.05
-1.25,1.25,2.32,1.05
-1.25,1.25,2.33,1.04
-1.25,1.25,2.34,1.03
-1.25,1.25,2.35,1.03
-1.5,1.5,1.72,1.96
-1.5,1.5,1.73,1.95
-1.5,1.5,1.74,1.93
-1.5,1.5,1.75,1.92
-1.5,1.5,1.76,1.9
-1.5,1.5,1.77,1.88
-1.5,1.5,1.78,1.87
-1.5,1.5,1.79,1.86
-1.5,1.5,1.8,1.85
-1.5,1.5,1.81,1.83
-1.5,1.5,1.82,1.82
-1.5,1.5,1.83,1.81
-1.5,1.5,1.84,1.8
-1.5,1.5,1.85,1.78
-1.5,1.5,1.86,1.77
-1.5,1.5,1.87,1.75
-1.5,1.5,1.88,1.74
-1.5,1.5,1.89,1.73
-1.5,1.5,1.9,1.71
-1.5,1.5,1.91,1.7
-1.5,1.5,1.92,1.69
-1.5,1.5,1.93,1.68
-1.5,1.5,1.94,1.67
-1.5,1.5,1.95,1.65
-1.5,1.5,1.96,1.64
-1.5,1.5,1.97,1.63
-1.5,1.5,1.98,1.62
-1.5,1.5,1.99,1.61
-1.5,1.5,2,1.6
-1.5,1.5,2.01,1.58
-1.5,1.5,2.02,1.57
-1.5,1.5,2.03,1.56
-1.5,1.5,2.04,1.55
-1.5,1.5,2.05,1.54
-1.5,1.5,2.06,1.53
-1.5,1.5,2.07,1.52
-1.5,1.5,2.08,1.51
-1.5,1.5,2.09,1.5
-1.5,1.5,2.1,1.49
-1.5,1.5,2.11,1.48
-1.5,1.5,2.12,1.47
-1.5,1.5,2.13,1.46
-1.5,1.5,2.14,1.45
-1.5,1.5,2.15,1.44
-1.5,1.5,2.16,1.43
-1.5,1.5,2.17,1.42
-1.5,1.5,2.18,1.41
-1.5,1.5,2.19,1.4
-1.5,1.5,2.2,1.39
-1.5,1.5,2.21,1.38
-1.5,1.5,2.22,1.37
-1.5,1.5,2.23,1.36
-1.5,1.5,2.24,1.35
-1.5,1.5,2.25,1.34
-1.5,1.5,2.26,1.33
-1.5,1.5,2.27,1.32
-1.5,1.5,2.28,1.31
-1.5,1.5,2.29,1.31
-1.5,1.5,2.3,1.3
-1.5,1.5,2.31,1.29
-1.5,1.5,2.32,1.28
-1.5,1.5,2.33,1.27
-1.5,1.5,2.34,1.27
-1.5,1.5,2.35,1.26
-1.75,1.75,1.72,2.19
-1.75,1.75,1.73,2.18
-1.75,1.75,1.74,2.16
-1.75,1.75,1.75,2.15
-1.75,1.75,1.76,2.13
-1.75,1.75,1.77,2.12
-1.75,1.75,1.78,2.1
-1.75,1.75,1.79,2.09
-1.75,1.75,1.8,2.08
-1.75,1.75,1.81,2.07
-1.75,1.75,1.82,2.05
-1.75,1.75,1.83,2.04
-1.75,1.75,1.84,2.03
-1.75,1.75,1.85,2.01
-1.75,1.75,1.86,2
-1.75,1.75,1.87,1.99
-1.75,1.75,1.88,1.98
-1.75,1.75,1.89,1.97
-1.75,1.75,1.9,1.95
-1.75,1.75,1.91,1.94
-1.75,1.75,1.92,1.93
-1.75,1.75,1.93,1.92
-1.75,1.75,1.94,1.91
-1.75,1.75,1.95,1.9
-1.75,1.75,1.96,1.89
-1.75,1.75,1.97,1.87
-1.75,1.75,1.98,1.86
-1.75,1.75,1.99,1.85
-1.75,1.75,2,1.84
-1.75,1.75,2.01,1.83
-1.75,1.75,2.02,1.82
-1.75,1.75,2.03,1.81
-1.75,1.75,2.04,1.8
-1.75,1.75,2.05,1.79
-1.75,1.75,2.06,1.78
-1.75,1.75,2.07,1.77
-1.75,1.75,2.08,1.76
-1.75,1.75,2.09,1.75
-1.75,1.75,2.1,1.74
-1.75,1.75,2.11,1.73
-1.75,1.75,2.12,1.72
-1.75,1.75,2.13,1.71
-1.75,1.75,2.14,1.7
-1.75,1.75,2.15,1.69
-1.75,1.75,2.16,1.68
-1.75,1.75,2.17,1.67
-1.75,1.75,2.18,1.66
-1.75,1.75,2.19,1.66
-1.75,1.75,2.2,1.65
-1.75,1.75,2.21,1.64
-1.75,1.75,2.22,1.63
-1.75,1.75,2.23,1.62
-1.75,1.75,2.24,1.61
-1.75,1.75,2.25,1.61
-1.75,1.75,2.26,1.6
-1.75,1.75,2.27,1.59
-1.75,1.75,2.28,1.58
-1.75,1.75,2.29,1.57
-1.75,1.75,2.3,1.56
-1.75,1.75,2.31,1.55
-1.75,1.75,2.32,1.55
-1.75,1.75,2.33,1.54
-1.75,1.75,2.34,1.53
-1.75,1.75,2.35,1.52
-2,2,1.72,2.44
-2,2,1.73,2.43
-2,2,1.74,2.41
-2,2,1.75,2.4
-2,2,1.76,2.38
-2,2,1.77,2.37
-2,2,1.78,2.35
-2,2,1.79,2.34
-2,2,1.8,2.33
-2,2,1.81,2.32
-2,2,1.82,2.3
-2,2,1.83,2.29
-2,2,1.84,2.28
-2,2,1.85,2.26
-2,2,1.86,2.25
-2,2,1.87,2.24
-2,2,1.88,2.23
-2,2,1.89,2.22
-2,2,1.9,2.2
-2,2,1.91,2.19
-2,2,1.92,2.18
-2,2,1.93,2.17
-2,2,1.94,2.16
-2,2,1.95,2.15
-2,2,1.96,2.14
-2,2,1.97,2.12
-2,2,1.98,2.11
-2,2,1.99,2.1
-2,2,2,2.09
-2,2,2.01,2.08
-2,2,2.02,2.07
-2,2,2.03,2.06
-2,2,2.04,2.05
-2,2,2.05,2.04
-2,2,2.06,2.03
-2,2,2.07,2.02
-2,2,2.08,2.01
-2,2,2.09,2
-2,2,2.1,1.99
-2,2,2.11,1.98
-2,2,2.12,1.97
-2,2,2.13,1.96
-2,2,2.14,1.95
-2,2,2.15,1.94
-2,2,2.16,1.93
-2,2,2.17,1.92
-2,2,2.18,1.91
-2,2,2.19,1.91
-2,2,2.2,1.9
-2,2,2.21,1.89
-2,2,2.22,1.88
-2,2,2.23,1.87
-2,2,2.24,1.86
-2,2,2.25,1.86
-2,2,2.26,1.85
-2,2,2.27,1.84
-2,2,2.28,1.83
-2,2,2.29,1.82
-2,2,2.3,1.81
-2,2,2.31,1.8
-2,2,2.32,1.8
-2,2,2.33,1.79
-2,2,2.34,1.78
-2,2,2.35,1.77
-2.25,2.25,1.72,2.69
-2.25,2.25,1.73,2.68
-2.25,2.25,1.74,2.66
-2.25,2.25,1.75,2.65
-2.25,2.25,1.76,2.63
-2.25,2.25,1.77,2.62
-2.25,2.25,1.78,2.6
-2.25,2.25,1.79,2.59
-2.25,2.25,1.8,2.58
-2.25,2.25,1.81,2.57
-2.25,2.25,1.82,2.55
-2.25,2.25,1.83,2.54
-2.25,2.25,1.84,2.53
-2.25,2.25,1.85,2.51
-2.25,2.25,1.86,2.5
-2.25,2.25,1.87,2.49
-2.25,2.25,1.88,2.48
-2.25,2.25,1.89,2.47
-2.25,2.25,1.9,2.45
-2.25,2.25,1.91,2.44
-2.25,2.25,1.92,2.43
-2.25,2.25,1.93,2.42
-2.25,2.25,1.94,2.41
-2.25,2.25,1.95,2.4
-2.25,2.25,1.96,2.39
-2.25,2.25,1.97,2.37
-2.25,2.25,1.98,2.36
-2.25,2.25,1.99,2.35
-2.25,2.25,2,2.34
-2.25,2.25,2.01,2.33
-2.25,2.25,2.02,2.32
-2.25,2.25,2.03,2.31
-2.25,2.25,2.04,2.3
-2.25,2.25,2.05,2.29
-2.25,2.25,2.06,2.28
-2.25,2.25,2.07,2.27
-2.25,2.25,2.08,2.26
-2.25,2.25,2.09,2.25
-2.25,2.25,2.1,2.24
-2.25,2.25,2.11,2.23
-2.25,2.25,2.12,2.22
-2.25,2.25,2.13,2.21
-2.25,2.25,2.14,2.2
-2.25,2.25,2.15,2.19
-2.25,2.25,2.16,2.18
-2.25,2.25,2.17,2.17
-2.25,2.25,2.18,2.16
-2.25,2.25,2.19,2.16
-2.25,2.25,2.2,2.15
-2.25,2.25,2.21,2.14
-2.25,2.25,2.22,2.13
-2.25,2.25,2.23,2.12
-2.25,2.25,2.24,2.11
-2.25,2.25,2.25,2.11
-2.25,2.25,2.26,2.1
-2.25,2.25,2.27,2.09
-2.25,2.25,2.28,2.08
-2.25,2.25,2.29,2.07
-2.25,2.25,2.3,2.06
-2.25,2.25,2.31,2.05
-2.25,2.25,2.32,2.05
-2.25,2.25,2.33,2.04
-2.25,2.25,2.34,2.03
-2.25,2.25,2.35,2.02
-2.5,2.5,1.72,2.94
-2.5,2.5,1.73,2.93
-2.5,2.5,1.74,2.91
-2.5,2.5,1.75,2.9
-2.5,2.5,1.76,2.88
-2.5,2.5,1.77,2.87
-2.5,2.5,1.78,2.85
-2.5,2.5,1.79,2.84
-2.5,2.5,1.8,2.83
-2.5,2.5,1.81,2.82
-2.5,2.5,1.82,2.8
-2.5,2.5,1.83,2.79
-2.5,2.5,1.84,2.78
-2.5,2.5,1.85,2.76
-2.5,2.5,1.86,2.75
-2.5,2.5,1.87,2.74
-2.5,2.5,1.88,2.73
-2.5,2.5,1.89,2.72
-2.5,2.5,1.9,2.7
-2.5,2.5,1.91,2.69
-2.5,2.5,1.92,2.68
-2.5,2.5,1.93,2.67
-2.5,2.5,1.94,2.66
-2.5,2.5,1.95,2.65
-2.5,2.5,1.96,2.64
-2.5,2.5,1.97,2.62
-2.5,2.5,1.98,2.61
-2.5,2.5,1.99,2.6
-2.5,2.5,2,2.59
-2.5,2.5,2.01,2.58
-2.5,2.5,2.02,2.57
-2.5,2.5,2.03,2.56
-2.5,2.5,2.04,2.55
-2.5,2.5,2.05,2.54
-2.5,2.5,2.06,2.53
-2.5,2.5,2.07,2.52
-2.5,2.5,2.08,2.51
-2.5,2.5,2.09,2.5
-2.5,2.5,2.1,2.49
-2.5,2.5,2.11,2.48
-2.5,2.5,2.12,2.47
-2.5,2.5,2.13,2.46
-2.5,2.5,2.14,2.45
-2.5,2.5,2.15,2.44
-2.5,2.5,2.16,2.43
-2.5,2.5,2.17,2.42
-2.5,2.5,2.18,2.41
-2.5,2.5,2.19,2.41
-2.5,2.5,2.2,2.4
-2.5,2.5,2.21,2.39
-2.5,2.5,2.22,2.38
-2.5,2.5,2.23,2.37
-2.5,2.5,2.24,2.36
-2.5,2.5,2.25,2.36
-2.5,2.5,2.26,2.35
-2.5,2.5,2.27,2.34
-2.5,2.5,2.28,2.33
-2.5,2.5,2.29,2.32
-2.5,2.5,2.3,2.31
-2.5,2.5,2.31,2.3
-2.5,2.5,2.32,2.3
-2.5,2.5,2.33,2.29
-2.5,2.5,2.34,2.28
-2.5,2.5,2.35,2.27
-2.75,2.75,1.72,3.19
-2.75,2.75,1.73,3.18
-2.75,2.75,1.74,3.16
-2.75,2.75,1.75,3.15
-2.75,2.75,1.76,3.13
-2.75,2.75,1.77,3.12
-2.75,2.75,1.78,3.1
-2.75,2.75,1.79,3.09
-2.75,2.75,1.8,3.08
-2.75,2.75,1.81,3.07
-2.75,2.75,1.82,3.05
-2.75,2.75,1.83,3.04
-2.75,2.75,1.84,3.03
-2.75,2.75,1.85,3.01
-2.75,2.75,1.86,3
-2.75,2.75,1.87,2.99
-2.75,2.75,1.88,2.98
-2.75,2.75,1.89,2.97
-2.75,2.75,1.9,2.95
-2.75,2.75,1.91,2.94
-2.75,2.75,1.92,2.93
-2.75,2.75,1.93,2.92
-2.75,2.75,1.94,2.91
-2.75,2.75,1.95,2.9
-2.75,2.75,1.96,2.89
-2.75,2.75,1.97,2.87
-2.75,2.75,1.98,2.86
-2.75,2.75,1.99,2.85
-2.75,2.75,2,2.84
-2.75,2.75,2.01,2.83
-2.75,2.75,2.02,2.82
-2.75,2.75,2.03,2.81
-2.75,2.75,2.04,2.8
-2.75,2.75,2.05,2.79
-2.75,2.75,2.06,2.78
-2.75,2.75,2.07,2.77
-2.75,2.75,2.08,2.76
-2.75,2.75,2.09,2.75
-2.75,2.75,2.1,2.74
-2.75,2.75,2.11,2.73
-2.75,2.75,2.12,2.72
-2.75,2.75,2.13,2.71
-2.75,2.75,2.14,2.7
-2.75,2.75,2.15,2.69
-2.75,2.75,2.16,2.68
-2.75,2.75,2.17,2.67
-2.75,2.75,2.18,2.66
-2.75,2.75,2.19,2.66
-2.75,2.75,2.2,2.65
-2.75,2.75,2.21,2.64
-2.75,2.75,2.22,2.63
-2.75,2.75,2.23,2.62
-2.75,2.75,2.24,2.61
-2.75,2.75,2.25,2.61
-2.75,2.75,2.26,2.6
-2.75,2.75,2.27,2.59
-2.75,2.75,2.28,2.58
-2.75,2.75,2.29,2.57
-2.75,2.75,2.3,2.56
-2.75,2.75,2.31,2.55
-2.75,2.75,2.32,2.55
-2.75,2.75,2.33,2.54
-2.75,2.75,2.34,2.53
-2.75,2.75,2.35,2.52
-3,3,1.72,3.44
-3,3,1.73,3.43
-3,3,1.74,3.41
-3,3,1.75,3.4
-3,3,1.76,3.38
-3,3,1.77,3.37
-3,3,1.78,3.35
-3,3,1.79,3.34
-3,3,1.8,3.33
-3,3,1.81,3.32
-3,3,1.82,3.3
-3,3,1.83,3.29
-3,3,1.84,3.28
-3,3,1.85,3.26
-3,3,1.86,3.25
-3,3,1.87,3.24
-3,3,1.88,3.23
-3,3,1.89,3.22
-3,3,1.9,3.2
-3,3,1.91,3.19
-3,3,1.92,3.18
-3,3,1.93,3.17
-3,3,1.94,3.16
-3,3,1.95,3.15
-3,3,1.96,3.14
-3,3,1.97,3.12
-3,3,1.98,3.11
-3,3,1.99,3.1
-3,3,2,3.09
-3,3,2.01,3.08
-3,3,2.02,3.07
-3,3,2.03,3.06
-3,3,2.04,3.05
-3,3,2.05,3.04
-3,3,2.06,3.03
-3,3,2.07,3.02
-3,3,2.08,3.01
-3,3,2.09,3
-3,3,2.1,2.99
-3,3,2.11,2.98
-3,3,2.12,2.97
-3,3,2.13,2.96
-3,3,2.14,2.95
-3,3,2.15,2.94
-3,3,2.16,2.93
-3,3,2.17,2.92
-3,3,2.18,2.91
-3,3,2.19,2.91
-3,3,2.2,2.9
-3,3,2.21,2.89
-3,3,2.22,2.88
-3,3,2.23,2.87
-3,3,2.24,2.86
-3,3,2.25,2.86
-3,3,2.26,2.85
-3,3,2.27,2.84
-3,3,2.28,2.83
-3,3,2.29,2.82
-3,3,2.3,2.81
-3,3,2.31,2.8
-3,3,2.32,2.8
-3,3,2.33,2.79
-3,3,2.34,2.78
-3,3,2.35,2.77
-3.25,3.25,1.72,3.69
-3.25,3.25,1.73,3.68
-3.25,3.25,1.74,3.66
-3.25,3.25,1.75,3.65
-3.25,3.25,1.76,3.63
-3.25,3.25,1.77,3.62
-3.25,3.25,1.78,3.6
-3.25,3.25,1.79,3.59
-3.25,3.25,1.8,3.58
-3.25,3.25,1.81,3.57
-3.25,3.25,1.82,3.55
-3.25,3.25,1.83,3.54
-3.25,3.25,1.84,3.53
-3.25,3.25,1.85,3.51
-3.25,3.25,1.86,3.5
-3.25,3.25,1.87,3.49
-3.25,3.25,1.88,3.48
-3.25,3.25,1.89,3.47
-3.25,3.25,1.9,3.45
-3.25,3.25,1.91,3.44
-3.25,3.25,1.92,3.43
-3.25,3.25,1.93,3.42
-3.25,3.25,1.94,3.41
-3.25,3.25,1.95,3.4
-3.25,3.25,1.96,3.39
-3.25,3.25,1.97,3.37
-3.25,3.25,1.98,3.36
-3.25,3.25,1.99,3.35
-3.25,3.25,2,3.34
-3.25,3.25,2.01,3.33
-3.25,3.25,2.02,3.32
-3.25,3.25,2.03,3.31
-3.25,3.25,2.04,3.3
-3.25,3.25,2.05,3.29
-3.25,3.25,2.06,3.28
-3.25,3.25,2.07,3.27
-3.25,3.25,2.08,3.26
-3.25,3.25,2.09,3.25
-3.25,3.25,2.1,3.24
-3.25,3.25,2.11,3.23
-3.25,3.25,2.12,3.22
-3.25,3.25,2.13,3.21
-3.25,3.25,2.14,3.2
-3.25,3.25,2.15,3.19
-3.25,3.25,2.16,3.18
-3.25,3.25,2.17,3.17
-3.25,3.25,2.18,3.16
-3.25,3.25,2.19,3.16
-3.25,3.25,2.2,3.15
-3.25,3.25,2.21,3.14
-3.25,3.25,2.22,3.13
-3.25,3.25,2.23,3.12
-3.25,3.25,2.24,3.11
-3.25,3.25,2.25,3.11
-3.25,3.25,2.26,3.1
-3.25,3.25,2.27,3.09
-3.25,3.25,2.28,3.08
-3.25,3.25,2.29,3.07
-3.25,3.25,2.3,3.06
-3.25,3.25,2.31,3.05
-3.25,3.25,2.32,3.05
-3.25,3.25,2.33,3.04
-3.25,3.25,2.34,3.03
-3.25,3.25,2.35,3.02
-3.5,3.5,1.72,3.94
-3.5,3.5,1.73,3.93
-3.5,3.5,1.74,3.91
-3.5,3.5,1.75,3.9
-3.5,3.5,1.76,3.88
-3.5,3.5,1.77,3.87
-3.5,3.5,1.78,3.85
-3.5,3.5,1.79,3.84
-3.5,3.5,1.8,3.83
-3.5,3.5,1.81,3.82
-3.5,3.5,1.82,3.8
-3.5,3.5,1.83,3.79
-3.5,3.5,1.84,3.78
-3.5,3.5,1.85,3.76
-3.5,3.5,1.86,3.75
-3.5,3.5,1.87,3.74
-3.5,3.5,1.88,3.73
-3.5,3.5,1.89,3.72
-3.5,3.5,1.9,3.7
-3.5,3.5,1.91,3.69
-3.5,3.5,1.92,3.68
-3.5,3.5,1.93,3.67
-3.5,3.5,1.94,3.66
-3.5,3.5,1.95,3.65
-3.5,3.5,1.96,3.64
-3.5,3.5,1.97,3.62
-3.5,3.5,1.98,3.61
-3.5,3.5,1.99,3.6
-3.5,3.5,2,3.59
-3.5,3.5,2.01,3.58
-3.5,3.5,2.02,3.57
-3.5,3.5,2.03,3.56
-3.5,3.5,2.04,3.55
-3.5,3.5,2.05,3.54
-3.5,3.5,2.06,3.53
-3.5,3.5,2.07,3.52
-3.5,3.5,2.08,3.51
-3.5,3.5,2.09,3.5
-3.5,3.5,2.1,3.49
-3.5,3.5,2.11,3.48
-3.5,3.5,2.12,3.47
-3.5,3.5,2.13,3.46
-3.5,3.5,2.14,3.45
-3.5,3.5,2.15,3.44
-3.5,3.5,2.16,3.43
-3.5,3.5,2.17,3.42
-3.5,3.5,2.18,3.41
-3.5,3.5,2.19,3.41
-3.5,3.5,2.2,3.4
-3.5,3.5,2.21,3.39
-3.5,3.5,2.22,3.38
-3.5,3.5,2.23,3.37
-3.5,3.5,2.24,3.36
-3.5,3.5,2.25,3.36
-3.5,3.5,2.26,3.35
-3.5,3.5,2.27,3.34
-3.5,3.5,2.28,3.33
-3.5,3.5,2.29,3.32
-3.5,3.5,2.3,3.31
-3.5,3.5,2.31,3.3
-3.5,3.5,2.32,3.3
-3.5,3.5,2.33,3.29
-3.5,3.5,2.34,3.28
-3.5,3.5,2.35,3.27
-3.75,3.75,1.72,4.19
-3.75,3.75,1.73,4.18
-3.75,3.75,1.74,4.16
-3.75,3.75,1.75,4.15
-3.75,3.75,1.76,4.13
-3.75,3.75,1.77,4.12
-3.75,3.75,1.78,4.1
-3.75,3.75,1.79,4.09
-3.75,3.75,1.8,4.08
-3.75,3.75,1.81,4.07
-3.75,3.75,1.82,4.05
-3.75,3.75,1.83,4.04
-3.75,3.75,1.84,4.03
-3.75,3.75,1.85,4.01
-3.75,3.75,1.86,4
-3.75,3.75,1.87,3.99
-3.75,3.75,1.88,3.98
-3.75,3.75,1.89,3.97
-3.75,3.75,1.9,3.95
-3.75,3.75,1.91,3.94
-3.75,3.75,1.92,3.93
-3.75,3.75,1.93,3.92
-3.75,3.75,1.94,3.91
-3.75,3.75,1.95,3.9
-3.75,3.75,1.96,3.89
-3.75,3.75,1.97,3.87
-3.75,3.75,1.98,3.86
-3.75,3.75,1.99,3.85
-3.75,3.75,2,3.84
-3.75,3.75,2.01,3.83
-3.75,3.75,2.02,3.82
-3.75,3.75,2.03,3.81
-3.75,3.75,2.04,3.8
-3.75,3.75,2.05,3.79
-3.75,3.75,2.06,3.78
-3.75,3.75,2.07,3.77
-3.75,3.75,2.08,3.76
-3.75,3.75,2.09,3.75
-3.75,3.75,2.1,3.74
-3.75,3.75,2.11,3.73
-3.75,3.75,2.12,3.72
-3.75,3.75,2.13,3.71
-3.75,3.75,2.14,3.7
-3.75,3.75,2.15,3.69
-3.75,3.75,2.16,3.68
-3.75,3.75,2.17,3.67
-3.75,3.75,2.18,3.66
-3.75,3.75,2.19,3.66
-3.75,3.75,2.2,3.65
-3.75,3.75,2.21,3.64
-3.75,3.75,2.22,3.63
-3.75,3.75,2.23,3.62
-3.75,3.75,2.24,3.61
-3.75,3.75,2.25,3.61
-3.75,3.75,2.26,3.6
-3.75,3.75,2.27,3.59
-3.75,3.75,2.28,3.58
-3.75,3.75,2.29,3.57
-3.75,3.75,2.3,3.56
-3.75,3.75,2.31,3.55
-3.75,3.75,2.32,3.55
-3.75,3.75,2.33,3.54
-3.75,3.75,2.34,3.53
-3.75,3.75,2.35,3.52
-4,4,1.72,4.44
-4,4,1.73,4.43
-4,4,1.74,4.41
-4,4,1.75,4.4
-4,4,1.76,4.38
-4,4,1.77,4.37
-4,4,1.78,4.35
-4,4,1.79,4.34
-4,4,1.8,4.33
-4,4,1.81,4.32
-4,4,1.82,4.3
-4,4,1.83,4.29
-4,4,1.84,4.28
-4,4,1.85,4.26
-4,4,1.86,4.25
-4,4,1.87,4.24
-4,4,1.88,4.23
-4,4,1.89,4.22
-4,4,1.9,4.2
-4,4,1.91,4.19
-4,4,1.92,4.18
-4,4,1.93,4.17
-4,4,1.94,4.16
-4,4,1.95,4.15
-4,4,1.96,4.14
-4,4,1.97,4.12
-4,4,1.98,4.11
-4,4,1.99,4.1
-4,4,2,4.09
-4,4,2.01,4.08
-4,4,2.02,4.07
-4,4,2.03,4.06
-4,4,2.04,4.05
-4,4,2.05,4.04
-4,4,2.06,4.03
-4,4,2.07,4.02
-4,4,2.08,4.01
-4,4,2.09,4
-4,4,2.1,3.99
-4,4,2.11,3.98
-4,4,2.12,3.97
-4,4,2.13,3.96
-4,4,2.14,3.95
-4,4,2.15,3.94
-4,4,2.16,3.93
-4,4,2.17,3.92
-4,4,2.18,3.91
-4,4,2.19,3.91
-4,4,2.2,3.9
-4,4,2.21,3.89
-4,4,2.22,3.88
-4,4,2.23,3.87
-4,4,2.24,3.86
-4,4,2.25,3.86
-4,4,2.26,3.85
-4,4,2.27,3.84
-4,4,2.28,3.83
-4,4,2.29,3.82
-4,4,2.3,3.81
-4,4,2.31,3.8
-4,4,2.32,3.8
-4,4,2.33,3.79
-4,4,2.34,3.78
-4,4,2.35,3.77
0.25,-0.25,1.72,0.08
0.25,-0.25,1.73,0.07
0.25,-0.25,1.74,0.06
0.25,-0.25,1.75,0.05
0.25,-0.25,1.76,0.04
0.25,-0.25,1.77,0.02
0.25,-0.25,1.78,0.01
0.25,-0.25,1.79,0
0.25,-0.25,1.8,-0.02
0.25,-0.25,1.81,-0.03
0.25,-0.25,1.82,-0.04
0.25,-0.25,1.83,-0.05
0.25,-0.25,1.84,-0.06
0.25,-0.25,1.85,-0.07
0.25,-0.25,1.86,-0.08
0.25,-0.25,1.87,-0.09
0.25,-0.25,1.88,-0.1
0.25,-0.25,1.89,-0.11
0.25,-0.25,1.9,-0.12
0.25,-0.25,1.91,-0.13
0.25,-0.25,1.92,-0.14
0.25,-0.25,1.93,-0.15
0.25,-0.25,1.94,-0.16
0.25,-0.25,1.95,-0.17
0.25,-0.25,1.96,-0.18
0.25,-0.25,1.97,-0.2
0.25,-0.25,1.98,-0.21
0.25,-0.25,1.99,-0.22
0.25,-0.25,2,-0.23
0.25,-0.25,2.01,-0.24
0.25,-0.25,2.02,-0.25
0.25,-0.25,2.03,-0.25
0.25,-0.25,2.04,-0.26
0.25,-0.25,2.05,-0.27
0.25,-0.25,2.06,-0.28
0.25,-0.25,2.07,-0.29
0.25,-0.25,2.08,-0.3
0.25,-0.25,2.09,-0.3
0.25,-0.25,2.1,-0.31
0.25,-0.25,2.11,-0.32
0.25,-0.25,2.12,-0.33
0.25,-0.25,2.13,-0.34
0.25,-0.25,2.14,-0.35
0.25,-0.25,2.15,-0.35
0.25,-0.25,2.16,-0.35
0.25,-0.25,2.17,-0.36
0.25,-0.25,2.18,-0.37
0.25,-0.25,2.19,-0.38
0.25,-0.25,2.2,-0.39
0.25,-0.25,2.21,-0.4
0.25,-0.25,2.22,-0.4
0.25,-0.25,2.23,-0.41
0.25,-0.25,2.24,-0.42
0.25,-0.25,2.25,-0.43
0.25,-0.25,2.26,-0.43
0.25,-0.25,2.27,-0.44
0.25,-0.25,2.28,-0.45
0.25,-0.25,2.29,-0.45
0.25,-0.25,2.3,-0.46
0.25,-0.25,2.31,-0.47
0.25,-0.25,2.32,-0.48
0.25,-0.25,2.33,-0.48
0.25,-0.25,2.34,-0.49
0.25,-0.25,2.35,-0.5
0.5,-0.5,1.72,-0.12
0.5,-0.5,1.73,-0.14
0.5,-0.5,1.74,-0.15
0.5,-0.5,1.75,-0.16
0.5,-0.5,1.76,-0.17
0.5,-0.5,1.77,-0.19
0.5,-0.5,1.78,-0.2
0.5,-0.5,1.79,-0.21
0.5,-0.5,1.8,-0.23
0.5,-0.5,1.81,-0.24
0.5,-0.5,1.82,-0.25
0.5,-0.5,1.83,-0.27
0.5,-0.5,1.84,-0.28
0.5,-0.5,1.85,-0.29
0.5,-0.5,1.86,-0.3
0.5,-0.5,1.87,-0.31
0.5,-0.5,1.88,-0.33
0.5,-0.5,1.89,-0.34
0.5,-0.5,1.9,-0.35
0.5,-0.5,1.91,-0.36
0.5,-0.5,1.92,-0.37
0.5,-0.5,1.93,-0.38
0.5,-0.5,1.94,-0.39
0.5,-0.5,1.95,-0.4
0.5,-0.5,1.96,-0.41
0.5,-0.5,1.97,-0.42
0.5,-0.5,1.98,-0.44
0.5,-0.5,1.99,-0.45
0.5,-0.5,2,-0.46
0.5,-0.5,2.01,-0.47
0.5,-0.5,2.02,-0.48
0.5,-0.5,2.03,-0.49
0.5,-0.5,2.04,-0.5
0.5,-0.5,2.05,-0.51
0.5,-0.5,2.06,-0.52
0.5,-0.5,2.07,-0.53
0.5,-0.5,2.08,-0.54
0.5,-0.5,2.09,-0.55
0.5,-0.5,2.1,-0.55
0.5,-0.5,2.11,-0.56
0.5,-0.5,2.12,-0.57
0.5,-0.5,2.13,-0.58
0.5,-0.5,2.14,-0.59
0.5,-0.5,2.15,-0.6
0.5,-0.5,2.16,-0.6
0.5,-0.5,2.17,-0.61
0.5,-0.5,2.18,-0.62
0.5,-0.5,2.19,-0.63
0.5,-0.5,2.2,-0.64
0.5,-0.5,2.21,-0.65
0.5,-0.5,2.22,-0.66
0.5,-0.5,2.23,-0.67
0.5,-0.5,2.24,-0.68
0.5,-0.5,2.25,-0.69
0.5,-0.5,2.26,-0.7
0.5,-0.5,2.27,-0.7
0.5,-0.5,2.28,-0.71
0.5,-0.5,2.29,-0.72
0.5,-0.5,2.3,-0.73
0.5,-0.5,2.31,-0.74
0.5,-0.5,2.32,-0.75
0.5,-0.5,2.33,-0.75
0.5,-0.5,2.34,-0.76
0.5,-0.5,2.35,-0.77
0.75,-0.75,1.72,-0.39
0.75,-0.75,1.73,-0.41
0.75,-0.75,1.74,-0.42
0.75,-0.75,1.75,-0.43
0.75,-0.75,1.76,-0.44
0.75,-0.75,1.77,-0.45
0.75,-0.75,1.78,-0.46
0.75,-0.75,1.79,-0.48
0.75,-0.75,1.8,-0.49
0.75,-0.75,1.81,-0.5
0.75,-0.75,1.82,-0.51
0.75,-0.75,1.83,-0.52
0.75,-0.75,1.84,-0.53
0.75,-0.75,1.85,-0.55
0.75,-0.75,1.86,-0.56
0.75,-0.75,1.87,-0.57
0.75,-0.75,1.88,-0.58
0.75,-0.75,1.89,-0.59
0.75,-0.75,1.9,-0.6
0.75,-0.75,1.91,-0.61
0.75,-0.75,1.92,-0.62
0.75,-0.75,1.93,-0.63
0.75,-0.75,1.94,-0.64
0.75,-0.75,1.95,-0.65
0.75,-0.75,1.96,-0.66
0.75,-0.75,1.97,-0.67
0.75,-0.75,1.98,-0.68
0.75,-0.75,1.99,-0.7
0.75,-0.75,2,-0.71
0.75,-0.75,2.01,-0.72
0.75,-0.75,2.02,-0.73
0.75,-0.75,2.03,-0.73
0.75,-0.75,2.04,-0.74
0.75,-0.75,2.05,-0.75
0.75,-0.75,2.06,-0.76
0.75,-0.75,2.07,-0.77
0.75,-0.75,2.08,-0.78
0.75,-0.75,2.09,-0.79
0.75,-0.75,2.1,-0.8
0.75,-0.75,2.11,-0.8
0.75,-0.75,2.12,-0.81
0.75,-0.75,2.13,-0.82
0.75,-0.75,2.14,-0.83
0.75,-0.75,2.15,-0.84
0.75,-0.75,2.16,-0.85
0.75,-0.75,2.17,-0.85
0.75,-0.75,2.18,-0.86
0.75,-0.75,2.19,-0.87
0.75,-0.75,2.2,-0.88
0.75,-0.75,2.21,-0.89
0.75,-0.75,2.22,-0.9
0.75,-0.75,2.23,-0.9
0.75,-0.75,2.24,-0.91
0.75,-0.75,2.25,-0.92
0.75,-0.75,2.26,-0.92
0.75,-0.75,2.27,-0.93
0.75,-0.75,2.28,-0.94
0.75,-0.75,2.29,-0.95
0.75,-0.75,2.3,-0.95
0.75,-0.75,2.31,-0.96
0.75,-0.75,2.32,-0.97
0.75,-0.75,2.33,-0.98
0.75,-0.75,2.34,-0.99
0.75,-0.75,2.35,-0.99
1,-1,1.72,-0.66
1,-1,1.73,-0.67
1,-1,1.74,-0.68
1,-1,1.75,-0.69
1,-1,1.76,-0.7
1,-1,1.77,-0.72
1,-1,1.78,-0.73
1,-1,1.79,-0.74
1,-1,1.8,-0.75
1,-1,1.81,-0.76
1,-1,1.82,-0.77
1,-1,1.83,-0.78
1,-1,1.84,-0.79
1,-1,1.85,-0.8
1,-1,1.86,-0.81
1,-1,1.87,-0.82
1,-1,1.88,-0.83
1,-1,1.89,-0.84
1,-1,1.9,-0.85
1,-1,1.91,-0.86
1,-1,1.92,-0.87
1,-1,1.93,-0.88
1,-1,1.94,-0.88
1,-1,1.95,-0.89
1,-1,1.96,-0.9
1,-1,1.97,-0.91
1,-1,1.98,-0.92
1,-1,1.99,-0.93
1,-1,2,-0.94
1,-1,2.01,-0.95
1,-1,2.02,-0.95
1,-1,2.03,-0.96
1,-1,2.04,-0.97
1,-1,2.05,-0.98
1,-1,2.06,-0.99
1,-1,2.07,-1
1,-1,2.08,-1
1,-1,2.09,-1.01
1,-1,2.1,-1.02
1,-1,2.11,-1.03
1,-1,2.12,-1.04
1,-1,2.13,-1.04
1,-1,2.14,-1.05
1,-1,2.15,-1.06
1,-1,2.16,-1.07
1,-1,2.17,-1.07
1,-1,2.18,-1.08
1,-1,2.19,-1.09
1,-1,2.2,-1.1
1,-1,2.21,-1.11
1,-1,2.22,-1.11
1,-1,2.23,-1.12
1,-1,2.24,-1.13
1,-1,2.25,-1.13
1,-1,2.26,-1.14
1,-1,2.27,-1.15
1,-1,2.28,-1.15
1,-1,2.29,-1.16
1,-1,2.3,-1.17
1,-1,2.31,-1.17
1,-1,2.32,-1.18
1,-1,2.33,-1.19
1,-1,2.34,-1.2
1,-1,2.35,-1.2
1.25,-1.25,1.72,-0.84
1.25,-1.25,1.73,-0.85
1.25,-1.25,1.74,-0.86
1.25,-1.25,1.75,-0.87
1.25,-1.25,1.76,-0.89
1.25,-1.25,1.77,-0.91
1.25,-1.25,1.78,-0.92
1.25,-1.25,1.79,-0.93
1.25,-1.25,1.8,-0.94
1.25,-1.25,1.81,-0.95
1.25,-1.25,1.82,-0.96
1.25,-1.25,1.83,-0.97
1.25,-1.25,1.84,-0.98
1.25,-1.25,1.85,-1
1.25,-1.25,1.86,-1.01
1.25,-1.25,1.87,-1.02
1.25,-1.25,1.88,-1.04
1.25,-1.25,1.89,-1.05
1.25,-1.25,1.9,-1.06
1.25,-1.25,1.91,-1.07
1.25,-1.25,1.92,-1.08
1.25,-1.25,1.93,-1.09
1.25,-1.25,1.94,-1.1
1.25,-1.25,1.95,-1.11
1.25,-1.25,1.96,-1.12
1.25,-1.25,1.97,-1.14
1.25,-1.25,1.98,-1.15
1.25,-1.25,1.99,-1.16
1.25,-1.25,2,-1.17
1.25,-1.25,2.01,-1.18
1.25,-1.25,2.02,-1.19
1.25,-1.25,2.03,-1.2
1.25,-1.25,2.04,-1.21
1.25,-1.25,2.05,-1.22
1.25,-1.25,2.06,-1.23
1.25,-1.25,2.07,-1.24
1.25,-1.25,2.08,-1.25
1.25,-1.25,2.09,-1.26
1.25,-1.25,2.1,-1.27
1.25,-1.25,2.11,-1.28
1.25,-1.25,2.12,-1.29
1.25,-1.25,2.13,-1.29
1.25,-1.25,2.14,-1.3
1.25,-1.25,2.15,-1.31
1.25,-1.25,2.16,-1.32
1.25,-1.25,2.17,-1.33
1.25,-1.25,2.18,-1.34
1.25,-1.25,2.19,-1.35
1.25,-1.25,2.2,-1
1.25,-1.25,2.21,-1.36
1.25,-1.25,2.22,-1.37
1.25,-1.25,2.23,-1.38
1.25,-1.25,2.24,-1.38
1.25,-1.25,2.25,-1.39
1.25,-1.25,2.26,-1.4
1.25,-1.25,2.27,-1.41
1.25,-1.25,2.28,-1.42
1.25,-1.25,2.29,-1.43
1.25,-1.25,2.3,-1.44
1.25,-1.25,2.31,-1.45
1.25,-1.25,2.32,-1.45
1.25,-1.25,2.33,-1.46
1.25,-1.25,2.34,-1.47
1.25,-1.25,2.35,-1.47
1.5,-1.5,1.72,-1.04
1.5,-1.5,1.73,-1.05
1.5,-1.5,1.74,-1.07
1.5,-1.5,1.75,-1.08
1.5,-1.5,1.76,-1.1
1.5,-1.5,1.77,-1.12
1.5,-1.5,1.78,-1.13
1.5,-1.5,1.79,-1.14
1.5,-1.5,1.8,-1.15
1.5,-1.5,1.81,-1.17
1.5,-1.5,1.82,-1.18
1.5,-1.5,1.83,-1.19
1.5,-1.5,1.84,-1.2
1.5,-1.5,1.85,-1.22
1.5,-1.5,1.86,-1.23
1.5,-1.5,1.87,-1.25
1.5,-1.5,1.88,-1.26
1.5,-1.5,1.89,-1.27
1.5,-1.5,1.9,-1.29
1.5,-1.5,1.91,-1.3
1.5,-1.5,1.92,-1.31
1.5,-1.5,1.93,-1.32
1.5,-1.5,1.94,-1.33
1.5,-1.5,1.95,-1.35
1.5,-1.5,1.96,-1.36
1.5,-1.5,1.97,-1.37
1.5,-1.5,1.98,-1.38
1.5,-1.5,1.99,-1.39
1.5,-1.5,2,-1.4
1.5,-1.5,2.01,-1.42
1.5,-1.5,2.02,-1.43
1.5,-1.5,2.03,-1.44
1.5,-1.5,2.04,-1.45
1.5,-1.5,2.05,-1.46
1.5,-1.5,2.06,-1.47
1.5,-1.5,2.07,-1.48
1.5,-1.5,2.08,-1.49
1.5,-1.5,2.09,-1.5
1.5,-1.5,2.1,-1.51
1.5,-1.5,2.11,-1.52
1.5,-1.5,2.12,-1.53
1.5,-1.5,2.13,-1.54
1.5,-1.5,2.14,-1.55
1.5,-1.5,2.15,-1.56
1.5,-1.5,2.16,-1.57
1.5,-1.5,2.17,-1.58
1.5,-1.5,2.18,-1.59
1.5,-1.5,2.19,-1.6
1.5,-1.5,2.2,-1.61
1.5,-1.5,2.21,-1.62
1.5,-1.5,2.22,-1.63
1.5,-1.5,2.23,-1.64
1.5,-1.5,2.24,-1.65
1.5,-1.5,2.25,-1.66
1.5,-1.5,2.26,-1.67
1.5,-1.5,2.27,-1.68
1.5,-1.5,2.28,-1.69
1.5,-1.5,2.29,-1.69
1.5,-1.5,2.3,-1.7
1.5,-1.5,2.31,-1.71
1.5,-1.5,2.32,-1.72
1.5,-1.5,2.33,-1.73
1.5,-1.5,2.34,-1.73
1.5,-1.5,2.35,-1.74
1.75,-1.75,1.72,-1.31
1.75,-1.75,1.73,-1.32
1.75,-1.75,1.74,-1.34
1.75,-1.75,1.75,-1.35
1.75,-1.75,1.76,-1.37
1.75,-1.75,1.77,-1.38
1.75,-1.75,1.78,-1.4
1.75,-1.75,1.79,-1.41
1.75,-1.75,1.8,-1.42
1.75,-1.75,1.81,-1.43
1.75,-1.75,1.82,-1.45
1.75,-1.75,1.83,-1.46
1.75,-1.75,1.84,-1.47
1.75,-1.75,1.85,-1.49
1.75,-1.75,1.86,-1.5
1.75,-1.75,1.87,-1.51
1.75,-1.75,1.88,-1.52
1.75,-1.75,1.89,-1.53
1.75,-1.75,1.9,-1.55
1.75,-1.75,1.91,-1.56
1.75,-1.75,1.92,-1.57
1.75,-1.75,1.93,-1.58
1.75,-1.75,1.94,-1.59
1.75,-1.75,1.95,-1.6
1.75,-1.75,1.96,-1.61
1.75,-1.75,1.97,-1.63
1.75,-1.75,1.98,-1.64
1.75,-1.75,1.99,-1.65
1.75,-1.75,2,-1.66
1.75,-1.75,2.01,-1.67
1.75,-1.75,2.02,-1.68
1.75,-1.75,2.03,-1.69
1.75,-1.75,2.04,-1.7
1.75,-1.75,2.05,-1.71
1.75,-1.75,2.06,-1.72
1.75,-1.75,2.07,-1.73
1.75,-1.75,2.08,-1.74
1.75,-1.75,2.09,-1.75
1.75,-1.75,2.1,-1.76
1.75,-1.75,2.11,-1.77
1.75,-1.75,2.12,-1.78
1.75,-1.75,2.13,-1.79
1.75,-1.75,2.14,-1.8
1.75,-1.75,2.15,-1.81
1.75,-1.75,2.16,-1.82
1.75,-1.75,2.17,-1.83
1.75,-1.75,2.18,-1.84
1.75,-1.75,2.19,-1.84
1.75,-1.75,2.2,-1.85
1.75,-1.75,2.21,-1.86
1.75,-1.75,2.22,-1.87
1.75,-1.75,2.23,-1.88
1.75,-1.75,2.24,-1.89
1.75,-1.75,2.25,-1.89
1.75,-1.75,2.26,-1.9
1.75,-1.75,2.27,-1.91
1.75,-1.75,2.28,-1.92
1.75,-1.75,2.29,-1.93
1.75,-1.75,2.3,-1.94
1.75,-1.75,2.31,-1.95
1.75,-1.75,2.32,-1.95
1.75,-1.75,2.33,-1.96
1.75,-1.75,2.34,-1.97
1.75,-1.75,2.35,-1.98
2,-2,1.72,-1.56
2,-2,1.73,-1.57
2,-2,1.74,-1.59
2,-2,1.75,-1.6
2,-2,1.76,-1.62
2,-2,1.77,-1.63
2,-2,1.78,-1.65
2,-2,1.79,-1.66
2,-2,1.8,-1.67
2,-2,1.81,-1.68
2,-2,1.82,-1.7
2,-2,1.83,-1.71
2,-2,1.84,-1.72
2,-2,1.85,-1.74
2,-2,1.86,-1.75
2,-2,1.87,-1.76
2,-2,1.88,-1.77
2,-2,1.89,-1.78
2,-2,1.9,-1.8
2,-2,1.91,-1.81
2,-2,1.92,-1.82
2,-2,1.93,-1.83
2,-2,1.94,-1.84
2,-2,1.95,-1.85
2,-2,1.96,-1.86
2,-2,1.97,-1.88
2,-2,1.98,-1.89
2,-2,1.99,-1.9
2,-2,2,-1.91
2,-2,2.01,-1.92
2,-2,2.02,-1.93
2,-2,2.03,-1.94
2,-2,2.04,-1.95
2,-2,2.05,-1.96
2,-2,2.06,-1.97
2,-2,2.07,-1.98
2,-2,2.08,-1.99
2,-2,2.09,-2
2,-2,2.1,-2.01
2,-2,2.11,-2.02
2,-2,2.12,-2.03
2,-2,2.13,-2.04
2,-2,2.14,-2.05
2,-2,2.15,-2.06
2,-2,2.16,-2.07
2,-2,2.17,-2.08
2,-2,2.18,-2.09
2,-2,2.19,-2.09
2,-2,2.2,-2.1
2,-2,2.21,-2.11
2,-2,2.22,-2.12
2,-2,2.23,-2.13
2,-2,2.24,-2.14
2,-2,2.25,-2.14
2,-2,2.26,-2.15
2,-2,2.27,-2.16
2,-2,2.28,-2.17
2,-2,2.29,-2.18
2,-2,2.3,-2.19
2,-2,2.31,-2.2
2,-2,2.32,-2.2
2,-2,2.33,-2.21
2,-2,2.34,-2.22
2,-2,2.35,-2.23
2.25,-2.25,1.72,-1.81
2.25,-2.25,1.73,-1.82
2.25,-2.25,1.74,-1.84
2.25,-2.25,1.75,-1.85
2.25,-2.25,1.76,-1.87
2.25,-2.25,1.77,-1.88
2.25,-2.25,1.78,-1.9
2.25,-2.25,1.79,-1.91
2.25,-2.25,1.8,-1.92
2.25,-2.25,1.81,-1.93
2.25,-2.25,1.82,-1.95
2.25,-2.25,1.83,-1.96
2.25,-2.25,1.84,-1.97
2.25,-2.25,1.85,-1.99
2.25,-2.25,1.86,-2
2.25,-2.25,1.87,-2.01
2.25,-2.25,1.88,-2.02
2.25,-2.25,1.89,-2.03
2.25,-2.25,1.9,-2.05
2.25,-2.25,1.91,-2.06
2.25,-2.25,1.92,-2.07
2.25,-2.25,1.93,-2.08
2.25,-2.25,1.94,-2.09
2.25,-2.25,1.95,-2.1
2.25,-2.25,1.96,-2.11
2.25,-2.25,1.97,-2.13
2.25,-2.25,1.98,-2.14
2.25,-2.25,1.99,-2.15
2.25,-2.25,2,-2.16
2.25,-2.25,2.01,-2.17
2.25,-2.25,2.02,-2.18
2.25,-2.25,2.03,-2.19
2.25,-2.25,2.04,-2.2
2.25,-2.25,2.05,-2.21
2.25,-2.25,2.06,-2.22
2.25,-2.25,2.07,-2.23
2.25,-2.25,2.08,-2.24
2.25,-2.25,2.09,-2.25
2.25,-2.25,2.1,-2.26
2.25,-2.25,2.11,-2.27
2.25,-2.25,2.12,-2.28
2.25,-2.25,2.13,-2.29
2.25,-2.25,2.14,-2.3
2.25,-2.25,2.15,-2.31
2.25,-2.25,2.16,-2.32
2.25,-2.25,2.17,-2.33
2.25,-2.25,2.18,-2.34
2.25,-2.25,2.19,-2.34
2.25,-2.25,2.2,-2.35
2.25,-2.25,2.21,-2.36
2.25,-2.25,2.22,-2.37
2.25,-2.25,2.23,-2.38
2.25,-2.25,2.24,-2.39
2.25,-2.25,2.25,-2.39
2.25,-2.25,2.26,-2.4
2.25,-2.25,2.27,-2.41
2.25,-2.25,2.28,-2.42
2.25,-2.25,2.29,-2.43
2.25,-2.25,2.3,-2.44
2.25,-2.25,2.31,-2.45
2.25,-2.25,2.32,-2.45
2.25,-2.25,2.33,-2.46
2.25,-2.25,2.34,-2.47
2.25,-2.25,2.35,-2.48
2.5,-2.5,1.72,-2.06
2.5,-2.5,1.73,-2.07
2.5,-2.5,1.74,-2.09
2.5,-2.5,1.75,-2.1
2.5,-2.5,1.76,-2.12
2.5,-2.5,1.77,-2.13
2.5,-2.5,1.78,-2.15
2.5,-2.5,1.79,-2.16
2.5,-2.5,1.8,-2.17
2.5,-2.5,1.81,-2.18
2.5,-2.5,1.82,-2.2
2.5,-2.5,1.83,-2.21
2.5,-2.5,1.84,-2.22
2.5,-2.5,1.85,-2.24
2.5,-2.5,1.86,-2.25
2.5,-2.5,1.87,-2.26
2.5,-2.5,1.88,-2.27
2.5,-2.5,1.89,-2.28
2.5,-2.5,1.9,-2.3
2.5,-2.5,1.91,-2.31
2.5,-2.5,1.92,-2.32
2.5,-2.5,1.93,-2.33
2.5,-2.5,1.94,-2.34
2.5,-2.5,1.95,-2.35
2.5,-2.5,1.96,-2.36
2.5,-2.5,1.97,-2.38
2.5,-2.5,1.98,-2.39
2.5,-2.5,1.99,-2.4
2.5,-2.5,2,-2.41
2.5,-2.5,2.01,-2.42
2.5,-2.5,2.02,-2.43
2.5,-2.5,2.03,-2.44
2.5,-2.5,2.04,-2.45
2.5,-2.5,2.05,-2.46
2.5,-2.5,2.06,-2.47
2.5,-2.5,2.07,-2.48
2.5,-2.5,2.08,-2.49
2.5,-2.5,2.09,-2.5
2.5,-2.5,2.1,-2.51
2.5,-2.5,2.11,-2.52
2.5,-2.5,2.12,-2.53
2.5,-2.5,2.13,-2.54
2.5,-2.5,2.14,-2.55
2.5,-2.5,2.15,-2.56
2.5,-2.5,2.16,-2.57
2.5,-2.5,2.17,-2.58
2.5,-2.5,2.18,-2.59
2.5,-2.5,2.19,-2.59
2.5,-2.5,2.2,-2.6
2.5,-2.5,2.21,-2.61
2.5,-2.5,2.22,-2.62
2.5,-2.5,2.23,-2.63
2.5,-2.5,2.24,-2.64
2.5,-2.5,2.25,-2.64
2.5,-2.5,2.26,-2.65
2.5,-2.5,2.27,-2.66
2.5,-2.5,2.28,-2.67
2.5,-2.5,2.29,-2.68
2.5,-2.5,2.3,-2.69
2.5,-2.5,2.31,-2.7
2.5,-2.5,2.32,-2.7
2.5,-2.5,2.33,-2.71
2.5,-2.5,2.34,-2.72
2.5,-2.5,2.35,-2.73
2.75,-2.75,1.72,-2.31
2.75,-2.75,1.73,-2.32
2.75,-2.75,1.74,-2.34
2.75,-2.75,1.75,-2.35
2.75,-2.75,1.76,-2.37
2.75,-2.75,1.77,-2.38
2.75,-2.75,1.78,-2.4
2.75,-2.75,1.79,-2.41
2.75,-2.75,1.8,-2.42
2.75,-2.75,1.81,-2.43
2.75,-2.75,1.82,-2.45
2.75,-2.75,1.83,-2.46
2.75,-2.75,1.84,-2.47
2.75,-2.75,1.85,-2.49
2.75,-2.75,1.86,-2.5
2.75,-2.75,1.87,-2.51
2.75,-2.75,1.88,-2.52
2.75,-2.75,1.89,-2.53
2.75,-2.75,1.9,-2.55
2.75,-2.75,1.91,-2.56
2.75,-2.75,1.92,-2.57
2.75,-2.75,1.93,-2.58
2.75,-2.75,1.94,-2.59
2.75,-2.75,1.95,-2.6
2.75,-2.75,1.96,-2.61
2.75,-2.75,1.97,-2.63
2.75,-2.75,1.98,-2.64
2.75,-2.75,1.99,-2.65
2.75,-2.75,2,-2.66
2.75,-2.75,2.01,-2.67
2.75,-2.75,2.02,-2.68
2.75,-2.75,2.03,-2.69
2.75,-2.75,2.04,-2.7
2.75,-2.75,2.05,-2.71
2.75,-2.75,2.06,-2.72
2.75,-2.75,2.07,-2.73
2.75,-2.75,2.08,-2.74
2.75,-2.75,2.09,-2.75
2.75,-2.75,2.1,-2.76
2.75,-2.75,2.11,-2.77
2.75,-2.75,2.12,-2.78
2.75,-2.75,2.13,-2.79
2.75,-2.75,2.14,-2.8
2.75,-2.75,2.15,-2.81
2.75,-2.75,2.16,-2.82
2.75,-2.75,2.17,-2.83
2.75,-2.75,2.18,-2.84
2.75,-2.75,2.19,-2.84
2.75,-2.75,2.2,-2.85
2.75,-2.75,2.21,-2.86
2.75,-2.75,2.22,-2.87
2.75,-2.75,2.23,-2.88
2.75,-2.75,2.24,-2.89
2.75,-2.75,2.25,-2.89
2.75,-2.75,2.26,-2.9
2.75,-2.75,2.27,-2.91
2.75,-2.75,2.28,-2.92
2.75,-2.75,2.29,-2.93
2.75,-2.75,2.3,-2.94
2.75,-2.75,2.31,-2.95
2.75,-2.75,2.32,-2.95
2.75,-2.75,2.33,-2.96
2.75,-2.75,2.34,-2.97
2.75,-2.75,2.35,-2.98
3,-3,1.72,-2.56
3,-3,1.73,-2.57
3,-3,1.74,-2.59
3,-3,1.75,-2.6
3,-3,1.76,-2.62
3,-3,1.77,-2.63
3,-3,1.78,-2.65
3,-3,1.79,-2.66
3,-3,1.8,-2.67
3,-3,1.81,-2.68
3,-3,1.82,-2.7
3,-3,1.83,-2.71
3,-3,1.84,-2.72
3,-3,1.85,-2.74
3,-3,1.86,-2.75
3,-3,1.87,-2.76
3,-3,1.88,-2.77
3,-3,1.89,-2.78
3,-3,1.9,-2.8
3,-3,1.91,-2.81
3,-3,1.92,-2.82
3,-3,1.93,-2.83
3,-3,1.94,-2.84
3,-3,1.95,-2.85
3,-3,1.96,-2.86
3,-3,1.97,-2.88
3,-3,1.98,-2.89
3,-3,1.99,-2.9
3,-3,2,-2.91
3,-3,2.01,-2.92
3,-3,2.02,-2.93
3,-3,2.03,-2.94
3,-3,2.04,-2.95
3,-3,2.05,-2.96
3,-3,2.06,-2.97
3,-3,2.07,-2.98
3,-3,2.08,-2.99
3,-3,2.09,-3
3,-3,2.1,-3.01
3,-3,2.11,-3.02
3,-3,2.12,-3.03
3,-3,2.13,-3.04
3,-3,2.14,-3.05
3,-3,2.15,-3.06
3,-3,2.16,-3.07
3,-3,2.17,-3.08
3,-3,2.18,-3.09
3,-3,2.19,-3.09
3,-3,2.2,-3.1
3,-3,2.21,-3.11
3,-3,2.22,-3.12
3,-3,2.23,-3.13
3,-3,2.24,-3.14
3,-3,2.25,-3.14
3,-3,2.26,-3.15
3,-3,2.27,-3.16
3,-3,2.28,-3.17
3,-3,2.29,-3.18
3,-3,2.3,-3.19
3,-3,2.31,-3.2
3,-3,2.32,-3.2
3,-3,2.33,-3.21
3,-3,2.34,-3.22
3,-3,2.35,-3.23
3.25,-3.25,1.72,-2.81
3.25,-3.25,1.73,-2.82
3.25,-3.25,1.74,-2.84
3.25,-3.25,1.75,-2.85
3.25,-3.25,1.76,-2.87
3.25,-3.25,1.77,-2.88
3.25,-3.25,1.78,-2.9
3.25,-3.25,1.79,-2.91
3.25,-3.25,1.8,-2.92
3.25,-3.25,1.81,-2.93
3.25,-3.25,1.82,-2.95
3.25,-3.25,1.83,-2.96
3.25,-3.25,1.84,-2.97
3.25,-3.25,1.85,-2.99
3.25,-3.25,1.86,-3
3.25,-3.25,1.87,-3.01
3.25,-3.25,1.88,-3.02
3.25,-3.25,1.89,-3.03
3.25,-3.25,1.9,-3.05
3.25,-3.25,1.91,-3.06
3.25,-3.25,1.92,-3.07
3.25,-3.25,1.93,-3.08
3.25,-3.25,1.94,-3.09
3.25,-3.25,1.95,-3.1
3.25,-3.25,1.96,-3.11
3.25,-3.25,1.97,-3.13
3.25,-3.25,1.98,-3.14
3.25,-3.25,1.99,-3.15
3.25,-3.25,2,-3.16
3.25,-3.25,2.01,-3.17
3.25,-3.25,2.02,-3.18
3.25,-3.25,2.03,-3.19
3.25,-3.25,2.04,-3.2
3.25,-3.25,2.05,-3.21
3.25,-3.25,2.06,-3.22
3.25,-3.25,2.07,-3.23
3.25,-3.25,2.08,-3.24
3.25,-3.25,2.09,-3.25
3.25,-3.25,2.1,-3.26
3.25,-3.25,2.11,-3.27
3.25,-3.25,2.12,-3.28
3.25,-3.25,2.13,-3.29
3.25,-3.25,2.14,-3.3
3.25,-3.25,2.15,-3.31
3.25,-3.25,2.16,-3.32
3.25,-3.25,2.17,-3.33
3.25,-3.25,2.18,-3.34
3.25,-3.25,2.19,-3.34
3.25,-3.25,2.2,-3.35
3.25,-3.25,2.21,-3.36
3.25,-3.25,2.22,-3.37
3.25,-3.25,2.23,-3.38
3.25,-3.25,2.24,-3.39
3.25,-3.25,2.25,-3.39
3.25,-3.25,2.26,-3.4
3.25,-3.25,2.27,-3.41
3.25,-3.25,2.28,-3.42
3.25,-3.25,2.29,-3.43
3.25,-3.25,2.3,-3.44
3.25,-3.25,2.31,-3.45
3.25,-3.25,2.32,-3.45
3.25,-3.25,2.33,-3.46
3.25,-3.25,2.34,-3.47
3.25,-3.25,2.35,-3.48
3.5,-3.5,1.72,-3.06
3.5,-3.5,1.73,-3.07
3.5,-3.5,1.74,-3.09
3.5,-3.5,1.75,-3.1
3.5,-3.5,1.76,-3.12
3.5,-3.5,1.77,-3.13
3.5,-3.5,1.78,-3.15
3.5,-3.5,1.79,-3.16
3.5,-3.5,1.8,-3.17
3.5,-3.5,1.81,-3.18
3.5,-3.5,1.82,-3.2
3.5,-3.5,1.83,-3.21
3.5,-3.5,1.84,-3.22
3.5,-3.5,1.85,-3.24
3.5,-3.5,1.86,-3.25
3.5,-3.5,1.87,-3.26
3.5,-3.5,1.88,-3.27
3.5,-3.5,1.89,-3.28
3.5,-3.5,1.9,-3.3
3.5,-3.5,1.91,-3.31
3.5,-3.5,1.92,-3.32
3.5,-3.5,1.93,-3.33
3.5,-3.5,1.94,-3.34
3.5,-3.5,1.95,-3.35
3.5,-3.5,1.96,-3.36
3.5,-3.5,1.97,-3.38
3.5,-3.5,1.98,-3.39
3.5,-3.5,1.99,-3.4
3.5,-3.5,2,-3.41
3.5,-3.5,2.01,-3.42
3.5,-3.5,2.02,-3.43
3.5,-3.5,2.03,-3.44
3.5,-3.5,2.04,-3.45
3.5,-3.5,2.05,-3.46
3.5,-3.5,2.06,-3.47
3.5,-3.5,2.07,-3.48
3.5,-3.5,2.08,-3.49
3.5,-3.5,2.09,-3.5
3.5,-3.5,2.1,-3.51
3.5,-3.5,2.11,-3.52
3.5,-3.5,2.12,-3.53
3.5,-3.5,2.13,-3.54
3.5,-3.5,2.14,-3.55
3.5,-3.5,2.15,-3.56
3.5,-3.5,2.16,-3.57
3.5,-3.5,2.17,-3.58
3.5,-3.5,2.18,-3.59
3.5,-3.5,2.19,-3.59
3.5,-3.5,2.2,-3.6
3.5,-3.5,2.21,-3.61
3.5,-3.5,2.22,-3.62
3.5,-3.5,2.23,-3.63
3.5,-3.5,2.24,-3.64
3.5,-3.5,2.25,-3.64
3.5,-3.5,2.26,-3.65
3.5,-3.5,2.27,-3.66
3.5,-3.5,2.28,-3.67
3.5,-3.5,2.29,-3.68
3.5,-3.5,2.3,-3.69
3.5,-3.5,2.31,-3.7
3.5,-3.5,2.32,-3.7
3.5,-3.5,2.33,-3.71
3.5,-3.5,2.34,-3.72
3.5,-3.5,2.35,-3.73
3.75,-3.75,1.72,-3.31
3.75,-3.75,1.73,-3.32
3.75,-3.75,1.74,-3.34
3.75,-3.75,1.75,-3.35
3.75,-3.75,1.76,-3.37
3.75,-3.75,1.77,-3.38
3.75,-3.75,1.78,-3.4
3.75,-3.75,1.79,-3.41
3.75,-3.75,1.8,-3.42
3.75,-3.75,1.81,-3.43
3.75,-3.75,1.82,-3.45
3.75,-3.75,1.83,-3.46
3.75,-3.75,1.84,-3.47
3.75,-3.75,1.85,-3.49
3.75,-3.75,1.86,-3.5
3.75,-3.75,1.87,-3.51
3.75,-3.75,1.88,-3.52
3.75,-3.75,1.89,-3.53
3.75,-3.75,1.9,-3.55
3.75,-3.75,1.91,-3.56
3.75,-3.75,1.92,-3.57
3.75,-3.75,1.93,-3.58
3.75,-3.75,1.94,-3.59
3.75,-3.75,1.95,-3.6
3.75,-3.75,1.96,-3.61
3.75,-3.75,1.97,-3.63
3.75,-3.75,1.98,-3.64
3.75,-3.75,1.99,-3.65
3.75,-3.75,2,-3.66
3.75,-3.75,2.01,-3.67
3.75,-3.75,2.02,-3.68
3.75,-3.75,2.03,-3.69
3.75,-3.75,2.04,-3.7
3.75,-3.75,2.05,-3.71
3.75,-3.75,2.06,-3.72
3.75,-3.75,2.07,-3.73
3.75,-3.75,2.08,-3.74
3.75,-3.75,2.09,-3.75
3.75,-3.75,2.1,-3.76
3.75,-3.75,2.11,-3.77
3.75,-3.75,2.12,-3.78
3.75,-3.75,2.13,-3.79
3.75,-3.75,2.14,-3.8
3.75,-3.75,2.15,-3.81
3.75,-3.75,2.16,-3.82
3.75,-3.75,2.17,-3.83
3.75,-3.75,2.18,-3.84
3.75,-3.75,2.19,-3.84
3.75,-3.75,2.2,-3.85
3.75,-3.75,2.21,-3.86
3.75,-3.75,2.22,-3.87
3.75,-3.75,2.23,-3.88
3.75,-3.75,2.24,-3.89
3.75,-3.75,2.25,-3.89
3.75,-3.75,2.26,-3.9
3.75,-3.75,2.27,-3.91
3.75,-3.75,2.28,-3.92
3.75,-3.75,2.29,-3.93
3.75,-3.75,2.3,-3.94
3.75,-3.75,2.31,-3.95
3.75,-3.75,2.32,-3.95
3.75,-3.75,2.33,-3.96
3.75,-3.75,2.34,-3.97
3.75,-3.75,2.35,-3.98
4,-4,1.72,-3.56
4,-4,1.73,-3.57
4,-4,1.74,-3.59
4,-4,1.75,-3.6
4,-4,1.76,-3.62
4,-4,1.77,-3.63
4,-4,1.78,-3.65
4,-4,1.79,-3.66
4,-4,1.8,-3.67
4,-4,1.81,-3.68
4,-4,1.82,-3.7
4,-4,1.83,-3.71
4,-4,1.84,-3.72
4,-4,1.85,-3.74
4,-4,1.86,-3.75
4,-4,1.87,-3.76
4,-4,1.88,-3.77
4,-4,1.89,-3.78
4,-4,1.9,-3.8
4,-4,1.91,-3.81
4,-4,1.92,-3.82
4,-4,1.93,-3.83
4,-4,1.94,-3.84
4,-4,1.95,-3.85
4,-4,1.96,-3.86
4,-4,1.97,-3.88
4,-4,1.98,-3.89
4,-4,1.99,-3.9
4,-4,2,-3.91
4,-4,2.01,-3.92
4,-4,2.02,-3.93
4,-4,2.03,-3.94
4,-4,2.04,-3.95
4,-4,2.05,-3.96
4,-4,2.06,-3.97
4,-4,2.07,-3.98
4,-4,2.08,-3.99
4,-4,2.09,-4
4,-4,2.1,-4.01
4,-4,2.11,-4.02
4,-4,2.12,-4.03
4,-4,2.13,-4.04
4,-4,2.14,-4.05
4,-4,2.15,-4.06
4,-4,2.16,-4.07
4,-4,2.17,-4.08
4,-4,2.18,-4.09
4,-4,2.19,-4.09
4,-4,2.2,-4.1
4,-4,2.21,-4.11
4,-4,2.22,-4.12
4,-4,2.23,-4.13
4,-4,2.24,-4.14
4,-4,2.25,-4.14
4,-4,2.26,-4.15
4,-4,2.27,-4.16
4,-4,2.28,-4.17
4,-4,2.29,-4.18
4,-4,2.3,-4.19
4,-4,2.31,-4.2
4,-4,2.32,-4.2
4,-4,2.33,-4.21
4,-4,2.34,-4.22
4,-4,2.35,-4.23
